gen_dir	mode	batch_size
gen_omnidec_F17_k60_full	packed	48
gen_omnidec_F17_k60_full_gc	packed_gencoarse	96
gen_omnidec_F17_k60_decode	packed	64
gen_omnidec_F17_k60_decode_gc	packed_gencoarse_ref	96
gen_omnidec_F17_k60_contigmax	packed	96
gen_omnidec_F17_k60_contigmax_gc	packed_gencoarse_ref	96
gen_omnidec_F17_k60_l2gap	packed	96
gen_omnidec_F17_k60_l2gap_gc	packed_gencoarse_ref	96
gen_omnidec_F17_k60_attninf	packed	96
gen_omnidec_F17_k60_attninf_gc	packed_gencoarse_ref	96
gen_omnidec_F17_k60_l2gap_smooth	packed	96
gen_omnidec_F17_k60_l2gap_smooth_gc	packed_gencoarse_ref	96
gen_omnidec_F17_k60_learned	packed	96
gen_omnidec_F17_k60_learned_gc	packed_gencoarse_ref	96
gen_omnidec_F17_k60_genscore05	packed	96
gen_omnidec_F17_k60_genscore05_gc	packed_gencoarse_ref	96
gen_omnidec_F17_k60_genscore	packed	96
gen_omnidec_F17_k60_genscore_gc	packed_gencoarse_ref	96
gen_omnidec_F17_k60_gensal	packed	96
gen_omnidec_F17_k60_gensal_gc	packed_gencoarse_ref	96
gen_omnidec_F17_k60_random	packed	64
gen_omnidec_F17_k60_random_gc	packed_gencoarse_ref	96
gen_omnidec_F17_k60_decode_s42	packed	96
gen_omnidec_F17_k60_decode_s42_gc	packed_gencoarse_ref	96
gen_omnidec_F17_k60_decode_s101	packed	64
gen_omnidec_F17_k60_decode_s101_gc	packed_gencoarse_ref	64
gen_omnidec_F17_k60_decode_s123	packed	96
gen_omnidec_F17_k60_decode_s123_gc	packed_gencoarse_ref	96
gen_omnidec_F17_k60_decode_s202	packed	64
gen_omnidec_F17_k60_decode_s202_gc	packed_gencoarse_ref	64
gen_omnidec_F17_k60_decode_s303	packed	64
gen_omnidec_F17_k60_decode_s303_gc	packed_gencoarse_ref	64
gen_omnidec_F17_k60_decode_s404	packed	64
gen_omnidec_F17_k60_decode_s404_gc	packed_gencoarse_ref	64
gen_omnidec_F17_k60_decode_s456	packed	96
gen_omnidec_F17_k60_decode_s456_gc	packed_gencoarse_ref	96
gen_omnidec_F17_k60_decode_s505	packed	64
gen_omnidec_F17_k60_decode_s505_gc	packed_gencoarse_ref	64
gen_omnidec_F17_k60_decode_s789	packed	96
gen_omnidec_F17_k60_decode_s789_gc	packed_gencoarse_ref	96
gen_omnidec_F17_k60_random_s42	packed	96
gen_omnidec_F17_k60_random_s42_gc	packed_gencoarse_ref	96
gen_omnidec_F17_k60_random_s101	packed	64
gen_omnidec_F17_k60_random_s101_gc	packed_gencoarse_ref	64
gen_omnidec_F17_k60_random_s123	packed	96
gen_omnidec_F17_k60_random_s123_gc	packed_gencoarse_ref	96
gen_omnidec_F17_k60_random_s202	packed	64
gen_omnidec_F17_k60_random_s202_gc	packed_gencoarse_ref	64
gen_omnidec_F17_k60_random_s303	packed	64
gen_omnidec_F17_k60_random_s303_gc	packed_gencoarse_ref	64
gen_omnidec_F17_k60_random_s404	packed	64
gen_omnidec_F17_k60_random_s404_gc	packed_gencoarse_ref	64
gen_omnidec_F17_k60_random_s456	packed	96
gen_omnidec_F17_k60_random_s456_gc	packed_gencoarse_ref	96
gen_omnidec_F17_k60_random_s505	packed	64
gen_omnidec_F17_k60_random_s505_gc	packed_gencoarse_ref	64
gen_omnidec_F17_k60_random_s789	packed	96
gen_omnidec_F17_k60_random_s789_gc	packed_gencoarse_ref	96
gen_omnidec_F17_k60_learned_s42	packed	96
gen_omnidec_F17_k60_learned_s42_gc	packed_gencoarse_ref	64
gen_omnidec_F17_k60_learned_s101_gc	packed_gencoarse_ref	64
gen_omnidec_F17_k60_learned_s123	packed	96
gen_omnidec_F17_k60_learned_s123_gc	packed_gencoarse_ref	64
gen_omnidec_F17_k60_learned_s202_gc	packed_gencoarse_ref	64
gen_omnidec_F17_k60_learned_s303_gc	packed_gencoarse_ref	64
gen_omnidec_F17_k60_learned_s404_gc	packed_gencoarse_ref	64
gen_omnidec_F17_k60_learned_s456_gc	packed_gencoarse_ref	64
gen_omnidec_F17_k60_learned_s505_gc	packed_gencoarse_ref	64
gen_omnidec_F17_k60_learned_s789_gc	packed_gencoarse_ref	64
gen_omnidec_F17_k60_contigmax_s42	packed	96
gen_omnidec_F17_k60_contigmax_s42_gc	packed_gencoarse_ref	64
gen_omnidec_F17_k60_contigmax_s123	packed	96
gen_omnidec_F17_k60_contigmax_s123_gc	packed_gencoarse_ref	64
gen_omnidec_F17_k60_l2gap_s42	packed	96
gen_omnidec_F17_k60_l2gap_s42_gc	packed_gencoarse_ref	64
gen_omnidec_F17_k60_l2gap_s123	packed	96
gen_omnidec_F17_k60_l2gap_s123_gc	packed_gencoarse_ref	64
gen_omnidec_F17_k25_decode	packed	96
gen_omnidec_F17_k25_decode_gc	packed_gencoarse_ref	16
gen_omnidec_F17_k25_random	packed	96
gen_omnidec_F17_k25_random_gc	packed_gencoarse_ref	16
gen_omnidec_F17_k40_decode	packed	96
gen_omnidec_F17_k40_decode_gc	packed_gencoarse_ref	16
gen_omnidec_F17_k40_random	packed	96
gen_omnidec_F17_k40_random_gc	packed_gencoarse_ref	16
gen_omnidec_F17_k80_decode	packed	96
gen_omnidec_F17_k80_decode_gc	packed_gencoarse_ref	16
gen_omnidec_F17_k80_random	packed	96
gen_omnidec_F17_k80_random_gc	packed_gencoarse_ref	16
gen_r3_decode_a25	packed_gencoarse_ref	64
gen_r3_decode_a5	packed_gencoarse_ref	64
gen_r3_decode_a75	packed_gencoarse_ref	64
gen_r3b_decode_T0.7_k64	packed_gencoarse_ref	64
gen_r3b_decode_T1.0_k256	packed_gencoarse_ref	64
gen_omnidec_F17_k60_decode_xclip	packed	64
gen_omnidec_F17_k60_decode_255M	packed	64
gen_omnidec_F17_k60_decode_255M_gc	packed_gencoarse_ref	64
gen_omnidec_F17_k60_decode_255M_ext	packed	48
gen_omnidec_F17_k60_decode_255M_ext_gc	packed_gencoarse_ref	48
gen_ssv2_F17_k60_decode	packed	64
gen_ssv2_F17_k60_decode_gc	packed_gencoarse_ref	64
gen_r3_random_a25	packed_gencoarse_ref	64
gen_r3_random_a5	packed_gencoarse_ref	64
gen_r3_random_a75	packed_gencoarse_ref	64
gen_r3b_random_T0.7_k64	packed_gencoarse_ref	64
gen_r3b_random_T1.0_k256	packed_gencoarse_ref	64
gen_omnidec_F17_k60_random_xclip	packed	64
gen_omnidec_F17_k60_random_255M	packed	64
gen_omnidec_F17_k60_random_255M_gc	packed_gencoarse_ref	64
gen_omnidec_F17_k60_random_255M_ext	packed	48
gen_omnidec_F17_k60_random_255M_ext_gc	packed_gencoarse_ref	48
gen_ssv2_F17_k60_random	packed	64
gen_ssv2_F17_k60_random_gc	packed_gencoarse_ref	64
gen_omag_F17_full		16
gen_omag_F17_k60_decode	packed	16
gen_omag_F17_k60_random	packed	16
gen_omag_F17_k60_l2gap	packed	16
gen_omag_F17_k60_learned	packed	16
gen_omag_F17_k60_contigmax	packed	16
gen_omag_F17_k60_decode_gc	packed_gencoarse_ref	16
gen_omag_F17_k60_random_gc	packed_gencoarse_ref	16
gen_omag_F17_k60_contigmax_gc	packed_gencoarse_ref	16
anchoring_jobs23_dv/gen_j2a_gen_T0.85_k256	packed_gencoarse_ref	48
anchoring_jobs23_dv/gen_j2a_gen_T0.85_k64	packed_gencoarse_ref	48
anchoring_jobs23_dv/gen_j2a_gen_T1.0_k256	packed_gencoarse_ref	48
anchoring_jobs23_dv/gen_j2a_gen_T1.0_k64	packed_gencoarse_ref	48
anchoring_jobs23_dv/gen_j2a_tf_T0.85_k256	packed	48
anchoring_jobs23_dv/gen_j2a_tf_T0.85_k64	packed	48
anchoring_jobs23_dv/gen_j2a_tf_T1.0_k256	packed	48
anchoring_jobs23_dv/gen_j2a_tf_T1.0_k64	packed	48
anchoring_jobs23_dv/gen_j3_dense_tp0.95_rp1.0_T0.85	dense	48
anchoring_jobs23_dv/gen_j3_dense_tp0.95_rp1.0_T1.0	dense	48
anchoring_jobs23_dv/gen_j3_dense_tp0.95_rp1.1_T0.85	dense	48
anchoring_jobs23_dv/gen_j3_dense_tp0.95_rp1.1_T1.0	dense	48
anchoring_jobs23_dv/gen_j3_dense_tp0.9_rp1.0_T0.85	dense	48
anchoring_jobs23_dv/gen_j3_dense_tp0.9_rp1.0_T1.0	dense	48
anchoring_jobs23_dv/gen_j3_dense_tp0.9_rp1.1_T0.85	dense	48
anchoring_jobs23_dv/gen_j3_dense_tp0.9_rp1.1_T1.0	dense	48
